/*
  # Create CCM & Probes Module Schema + Seed Data

  1. New Tables
    - `data_sources` - External data source registry for continuous monitoring
      - `id` (uuid, PK), `name`, `source_type`, `status`, `last_sync_at`, `record_count`, `metadata`, `created_at`
    - `ccm_transactions` - Ingested transactions for anomaly detection
      - `id` (uuid, PK), `source_system`, `transaction_date`, `amount`, `currency`, `user_id`, `beneficiary`, `transaction_type`, `metadata`, `created_at`
    - `ccm_alerts` - Alerts generated by CCM rules engine
      - `id` (uuid, PK), `rule_triggered`, `risk_score`, `severity`, `title`, `description`, `evidence_data`, `related_entity_id`, `status`, `assigned_to`, `resolved_at`, `metadata`, `created_at`, `updated_at`
    - `probes` - Sentinel Probe definitions (automated audit checks)
      - `id` (uuid, PK), `tenant_id`, `title`, `description`, `query_type`, `query_payload`, `schedule_cron`, `risk_threshold`, `target_control_id`, `is_active`, `last_run_at`, `last_result_status`, `category`, `severity`, `created_by`, `created_at`, `updated_at`
    - `probe_runs` - Execution history for probes
      - `id` (uuid, PK), `tenant_id`, `probe_id`, `items_found`, `execution_time_ms`, `status`, `run_metadata`, `started_at`, `completed_at`, `created_at`
    - `shadow_transactions` - Synthetic test transactions from Chaos Lab
      - `id` (uuid, PK), `amount`, `currency`, `scenario`, `is_synthetic`, `blocked_by_core`, `source_account`, `target_account`, `injected_by`, `batch_id`, `created_at`

  2. Security
    - RLS enabled on all tables
    - Permissive anon policies for demo environment

  3. Seed Data
    - 3 data sources, 50 CCM transactions (with Benford anomalies), 8 alerts, 5 probes, 10 probe runs
*/

-- data_sources
CREATE TABLE IF NOT EXISTS data_sources (
  id uuid PRIMARY KEY DEFAULT gen_random_uuid(),
  name text NOT NULL,
  source_type text NOT NULL DEFAULT '',
  status text NOT NULL DEFAULT 'ACTIVE' CHECK (status IN ('ACTIVE', 'OFFLINE', 'MAINTENANCE')),
  last_sync_at timestamptz DEFAULT now(),
  record_count integer NOT NULL DEFAULT 0,
  metadata jsonb NOT NULL DEFAULT '{}'::jsonb,
  created_at timestamptz NOT NULL DEFAULT now()
);

ALTER TABLE data_sources ENABLE ROW LEVEL SECURITY;
CREATE POLICY "anon_data_sources_select" ON data_sources FOR SELECT TO anon USING (true);
CREATE POLICY "anon_data_sources_insert" ON data_sources FOR INSERT TO anon WITH CHECK (true);
CREATE POLICY "anon_data_sources_update" ON data_sources FOR UPDATE TO anon USING (true) WITH CHECK (true);
CREATE POLICY "anon_data_sources_delete" ON data_sources FOR DELETE TO anon USING (true);

-- ccm_transactions
CREATE TABLE IF NOT EXISTS ccm_transactions (
  id uuid PRIMARY KEY DEFAULT gen_random_uuid(),
  source_system text NOT NULL DEFAULT '',
  transaction_date timestamptz NOT NULL DEFAULT now(),
  amount numeric(18,2) NOT NULL DEFAULT 0,
  currency text NOT NULL DEFAULT 'TRY',
  user_id text NOT NULL DEFAULT '',
  beneficiary text NOT NULL DEFAULT '',
  transaction_type text NOT NULL DEFAULT '',
  metadata jsonb NOT NULL DEFAULT '{}'::jsonb,
  created_at timestamptz NOT NULL DEFAULT now()
);

ALTER TABLE ccm_transactions ENABLE ROW LEVEL SECURITY;
CREATE POLICY "anon_ccm_tx_select" ON ccm_transactions FOR SELECT TO anon USING (true);
CREATE POLICY "anon_ccm_tx_insert" ON ccm_transactions FOR INSERT TO anon WITH CHECK (true);

-- ccm_alerts
CREATE TABLE IF NOT EXISTS ccm_alerts (
  id uuid PRIMARY KEY DEFAULT gen_random_uuid(),
  rule_triggered text NOT NULL DEFAULT '',
  risk_score numeric(5,2) NOT NULL DEFAULT 0,
  severity text NOT NULL DEFAULT 'MEDIUM' CHECK (severity IN ('LOW', 'MEDIUM', 'HIGH', 'CRITICAL')),
  title text NOT NULL DEFAULT '',
  description text NOT NULL DEFAULT '',
  evidence_data jsonb NOT NULL DEFAULT '{}'::jsonb,
  related_entity_id text,
  status text NOT NULL DEFAULT 'OPEN' CHECK (status IN ('OPEN', 'INVESTIGATING', 'CONFIRMED', 'DISMISSED')),
  assigned_to text,
  resolved_at timestamptz,
  metadata jsonb DEFAULT '{}'::jsonb,
  created_at timestamptz NOT NULL DEFAULT now(),
  updated_at timestamptz NOT NULL DEFAULT now()
);

ALTER TABLE ccm_alerts ENABLE ROW LEVEL SECURITY;
CREATE POLICY "anon_ccm_alerts_select" ON ccm_alerts FOR SELECT TO anon USING (true);
CREATE POLICY "anon_ccm_alerts_insert" ON ccm_alerts FOR INSERT TO anon WITH CHECK (true);
CREATE POLICY "anon_ccm_alerts_update" ON ccm_alerts FOR UPDATE TO anon USING (true) WITH CHECK (true);
CREATE POLICY "anon_ccm_alerts_delete" ON ccm_alerts FOR DELETE TO anon USING (true);

-- probes
CREATE TABLE IF NOT EXISTS probes (
  id uuid PRIMARY KEY DEFAULT gen_random_uuid(),
  tenant_id uuid NOT NULL DEFAULT '11111111-1111-1111-1111-111111111111',
  title text NOT NULL,
  description text DEFAULT '',
  query_type text NOT NULL DEFAULT 'SQL' CHECK (query_type IN ('SQL', 'API', 'WEBHOOK')),
  query_payload text NOT NULL DEFAULT '',
  schedule_cron text,
  risk_threshold numeric(5,2) NOT NULL DEFAULT 50,
  target_control_id text,
  is_active boolean NOT NULL DEFAULT true,
  last_run_at timestamptz,
  last_result_status text CHECK (last_result_status IS NULL OR last_result_status IN ('PASS', 'FAIL', 'ERROR')),
  category text NOT NULL DEFAULT 'OPS' CHECK (category IN ('FRAUD', 'OPS', 'COMPLIANCE')),
  severity text NOT NULL DEFAULT 'MEDIUM' CHECK (severity IN ('HIGH', 'MEDIUM', 'LOW')),
  created_by text,
  created_at timestamptz NOT NULL DEFAULT now(),
  updated_at timestamptz NOT NULL DEFAULT now()
);

ALTER TABLE probes ENABLE ROW LEVEL SECURITY;
CREATE POLICY "anon_probes_select" ON probes FOR SELECT TO anon USING (true);
CREATE POLICY "anon_probes_insert" ON probes FOR INSERT TO anon WITH CHECK (true);
CREATE POLICY "anon_probes_update" ON probes FOR UPDATE TO anon USING (true) WITH CHECK (true);
CREATE POLICY "anon_probes_delete" ON probes FOR DELETE TO anon USING (true);

-- probe_runs
CREATE TABLE IF NOT EXISTS probe_runs (
  id uuid PRIMARY KEY DEFAULT gen_random_uuid(),
  tenant_id uuid NOT NULL DEFAULT '11111111-1111-1111-1111-111111111111',
  probe_id uuid NOT NULL REFERENCES probes(id) ON DELETE CASCADE,
  items_found integer NOT NULL DEFAULT 0,
  execution_time_ms integer NOT NULL DEFAULT 0,
  status text NOT NULL DEFAULT 'PASS' CHECK (status IN ('PASS', 'FAIL', 'ERROR')),
  run_metadata jsonb NOT NULL DEFAULT '{}'::jsonb,
  started_at timestamptz NOT NULL DEFAULT now(),
  completed_at timestamptz NOT NULL DEFAULT now(),
  created_at timestamptz NOT NULL DEFAULT now()
);

ALTER TABLE probe_runs ENABLE ROW LEVEL SECURITY;
CREATE POLICY "anon_probe_runs_select" ON probe_runs FOR SELECT TO anon USING (true);
CREATE POLICY "anon_probe_runs_insert" ON probe_runs FOR INSERT TO anon WITH CHECK (true);

-- shadow_transactions
CREATE TABLE IF NOT EXISTS shadow_transactions (
  id uuid PRIMARY KEY DEFAULT gen_random_uuid(),
  amount numeric(18,2) NOT NULL DEFAULT 0,
  currency text NOT NULL DEFAULT 'TRY',
  scenario text NOT NULL DEFAULT '' CHECK (scenario IN ('SMURFING_TEST', 'ROUND_TRIP_TEST', 'GHOST_PAYROLL_TEST', 'BENFORD_MANIPULATION', '')),
  is_synthetic boolean NOT NULL DEFAULT true,
  blocked_by_core boolean NOT NULL DEFAULT false,
  source_account text NOT NULL DEFAULT '',
  target_account text NOT NULL DEFAULT '',
  injected_by text NOT NULL DEFAULT '',
  batch_id text NOT NULL DEFAULT '',
  created_at timestamptz NOT NULL DEFAULT now()
);

ALTER TABLE shadow_transactions ENABLE ROW LEVEL SECURITY;
CREATE POLICY "anon_shadow_tx_select" ON shadow_transactions FOR SELECT TO anon USING (true);
CREATE POLICY "anon_shadow_tx_insert" ON shadow_transactions FOR INSERT TO anon WITH CHECK (true);

-- ===== SEED DATA =====

-- Data Sources
INSERT INTO data_sources (id, name, source_type, status, last_sync_at, record_count, metadata) VALUES
  ('e1000000-0000-0000-0000-000000000001', 'Core Bankacilik (T24)', 'DATABASE', 'ACTIVE', now() - interval '5 minutes', 245000, '{"host": "core-db.internal", "schema": "t24_live", "sync_interval": "5m"}'::jsonb),
  ('e1000000-0000-0000-0000-000000000002', 'SWIFT Mesaj Merkezi', 'API', 'ACTIVE', now() - interval '2 minutes', 18500, '{"endpoint": "swift-gw.internal/api/v2", "format": "MT103/202"}'::jsonb),
  ('e1000000-0000-0000-0000-000000000003', 'MASAK Bildirim Sistemi', 'WEBHOOK', 'MAINTENANCE', now() - interval '2 hours', 3200, '{"webhook_url": "/api/masak-ingest", "last_error": "Certificate renewal pending"}'::jsonb);

-- CCM Transactions (50 rows with Benford anomaly pattern)
INSERT INTO ccm_transactions (id, source_system, transaction_date, amount, currency, user_id, beneficiary, transaction_type, metadata)
SELECT
  gen_random_uuid(),
  CASE (random() * 2)::int WHEN 0 THEN 'T24' WHEN 1 THEN 'SWIFT' ELSE 'ATM' END,
  now() - (random() * 30 || ' days')::interval,
  CASE
    WHEN i <= 10 THEN round((random() * 9000 + 1000)::numeric, 2)
    WHEN i <= 20 THEN round((random() * 90000 + 10000)::numeric, 2)
    WHEN i <= 30 THEN round((random() * 900000 + 100000)::numeric, 2)
    WHEN i <= 40 THEN round((9999.99)::numeric, 2)
    ELSE round((random() * 5000000 + 1000000)::numeric, 2)
  END,
  CASE WHEN random() > 0.3 THEN 'TRY' WHEN random() > 0.5 THEN 'USD' ELSE 'EUR' END,
  'USR-' || lpad((random() * 999 + 1)::int::text, 4, '0'),
  CASE (random() * 5)::int
    WHEN 0 THEN 'Mehmet Kaya' WHEN 1 THEN 'Ayse Demir' WHEN 2 THEN 'ABC Ticaret Ltd.'
    WHEN 3 THEN 'XYZ Holding A.S.' WHEN 4 THEN 'Fatma Yilmaz' ELSE 'Offshore Corp.'
  END,
  CASE (random() * 4)::int
    WHEN 0 THEN 'EFT' WHEN 1 THEN 'HAVALE' WHEN 2 THEN 'SWIFT' WHEN 3 THEN 'POS' ELSE 'ATM'
  END,
  jsonb_build_object('branch_code', 'BR-' || lpad((random()*50+1)::int::text, 3, '0'), 'channel', CASE WHEN random() > 0.5 THEN 'INTERNET' ELSE 'BRANCH' END)
FROM generate_series(1, 50) AS s(i);

-- CCM Alerts
INSERT INTO ccm_alerts (id, rule_triggered, risk_score, severity, title, description, evidence_data, related_entity_id, status) VALUES
  ('e2000000-0000-0000-0000-000000000001', 'BENFORD_FIRST_DIGIT', 92.5, 'CRITICAL', 'Benford Sapması - Yüksek Tutarlı İşlemler', 'İlk basamak dağılımında anormal yoğunlaşma tespit edildi. 9 ile başlayan işlemlerin oranı beklenenin 4 katı.', '{"expected_pct": 4.6, "actual_pct": 18.2, "sample_size": 245, "digit": 9}'::jsonb, 'c0000000-0000-0000-0000-000000000001', 'OPEN'),
  ('e2000000-0000-0000-0000-000000000002', 'STRUCTURING_DETECTION', 88.0, 'HIGH', 'Yapılandırma Şüphesi - 9.999 TL İşlemler', '24 saat içinde aynı hesaptan 5 adet 9.999 TL işlem tespit edildi. MASAK bildirim eşiği altında kalmaya çalışıyor olabilir.', '{"account": "TR12-0001-2345", "txn_count": 5, "total": 49995, "threshold": 50000}'::jsonb, NULL, 'INVESTIGATING'),
  ('e2000000-0000-0000-0000-000000000003', 'ROUND_TRIP_PATTERN', 75.0, 'HIGH', 'Döngüsel İşlem Kalıbı', 'A→B→C→A şeklinde 3 aşamalı fon döngüsü tespit edildi. Toplam tutar 2.5M TRY.', '{"chain": ["ACC-001", "ACC-047", "ACC-112", "ACC-001"], "total_amount": 2500000}'::jsonb, NULL, 'OPEN'),
  ('e2000000-0000-0000-0000-000000000004', 'VELOCITY_SPIKE', 68.0, 'MEDIUM', 'İşlem Hızı Anomalisi', 'Şube BR-015 son 1 saatte normalin 8 katı EFT işlemi gerçekleştirdi.', '{"branch": "BR-015", "normal_hourly": 12, "current_hourly": 96}'::jsonb, NULL, 'OPEN'),
  ('e2000000-0000-0000-0000-000000000005', 'DORMANT_ACTIVATION', 62.0, 'MEDIUM', 'Uyuyan Hesap Aktivasyonu', '18 aydır hareketsiz hesaptan ani 500K TRY çıkış. Hesap sahibi yurtdışında.', '{"account": "TR34-0001-8899", "dormant_months": 18, "amount": 500000}'::jsonb, NULL, 'OPEN'),
  ('e2000000-0000-0000-0000-000000000006', 'GHOST_PAYROLL', 55.0, 'MEDIUM', 'Hayalet Bordro Şüphesi', 'Bordro listesinde İK sisteminde kaydı bulunmayan 3 personel tespit edildi.', '{"ghost_employees": ["EMP-9901", "EMP-9902", "EMP-9903"], "total_paid": 87500}'::jsonb, NULL, 'DISMISSED'),
  ('e2000000-0000-0000-0000-000000000007', 'AFTER_HOURS_TXN', 45.0, 'LOW', 'Mesai Dışı İşlem', 'Gece 02:30 da yetkili kullanıcı tarafından 150K TRY havale gerçekleştirildi.', '{"time": "02:30", "user": "USR-0042", "amount": 150000}'::jsonb, NULL, 'CONFIRMED'),
  ('e2000000-0000-0000-0000-000000000008', 'DUPLICATE_PAYMENT', 40.0, 'LOW', 'Mükerrer Ödeme Uyarısı', 'Aynı faturaya 48 saat içinde 2 kez ödeme yapılmış olabilir.', '{"invoice": "INV-2026-0847", "payments": 2, "amount_each": 34500}'::jsonb, NULL, 'OPEN');

-- Probes (5 active probes)
INSERT INTO probes (id, tenant_id, title, description, query_type, query_payload, schedule_cron, risk_threshold, is_active, last_run_at, last_result_status, category, severity) VALUES
  ('e3000000-0000-0000-0000-000000000001', '11111111-1111-1111-1111-111111111111',
   'Benford Birinci Basamak Analizi', 'Tüm EFT işlemlerinin ilk basamak dağılımını Benford yasasına göre test eder',
   'SQL', 'SELECT first_digit, count(*), round(count(*)::numeric / sum(count(*)) over() * 100, 2) as pct FROM (SELECT left(amount::text, 1)::int as first_digit FROM ccm_transactions WHERE amount > 0) t GROUP BY first_digit ORDER BY first_digit',
   '0 */4 * * *', 70, true, now() - interval '2 hours', 'FAIL', 'FRAUD', 'HIGH'),
  ('e3000000-0000-0000-0000-000000000002', '11111111-1111-1111-1111-111111111111',
   'Yapılandırma Tespiti (Structuring)', 'MASAK eşiği altındaki tekrarlayan işlemleri tespit eder',
   'SQL', 'SELECT user_id, count(*) as txn_count, sum(amount) as total FROM ccm_transactions WHERE amount BETWEEN 9000 AND 9999.99 AND transaction_date > now() - interval ''24 hours'' GROUP BY user_id HAVING count(*) >= 3',
   '0 */1 * * *', 60, true, now() - interval '55 minutes', 'PASS', 'FRAUD', 'HIGH'),
  ('e3000000-0000-0000-0000-000000000003', '11111111-1111-1111-1111-111111111111',
   'Döngüsel Fon Transferi', 'A→B→C→A kalıbında döngüsel transferleri tespit eder',
   'SQL', 'SELECT DISTINCT t1.user_id FROM ccm_transactions t1 JOIN ccm_transactions t2 ON t1.beneficiary = t2.user_id WHERE t1.amount > 100000',
   '0 0 * * *', 80, true, now() - interval '1 day', 'FAIL', 'FRAUD', 'MEDIUM'),
  ('e3000000-0000-0000-0000-000000000004', '11111111-1111-1111-1111-111111111111',
   'Mesai Dışı İşlem Kontrolü', 'Saat 22:00 - 06:00 arası yapılan işlemleri raporlar',
   'SQL', 'SELECT * FROM ccm_transactions WHERE extract(hour FROM transaction_date) NOT BETWEEN 6 AND 22 AND amount > 50000',
   '0 7 * * *', 50, true, now() - interval '18 hours', 'PASS', 'OPS', 'LOW'),
  ('e3000000-0000-0000-0000-000000000005', '11111111-1111-1111-1111-111111111111',
   'BDDK Uyum Eşik Kontrolü', 'Düzenleyici bildirim eşiklerini aşan işlemleri kontrol eder',
   'SQL', 'SELECT * FROM ccm_transactions WHERE amount > 350000 AND transaction_type IN (''EFT'', ''SWIFT'')',
   '0 */2 * * *', 65, true, now() - interval '1 hour', 'FAIL', 'COMPLIANCE', 'HIGH');

-- Probe Runs (2 runs per probe)
INSERT INTO probe_runs (id, tenant_id, probe_id, items_found, execution_time_ms, status, run_metadata, started_at, completed_at) VALUES
  ('e4000000-0000-0000-0000-000000000001', '11111111-1111-1111-1111-111111111111', 'e3000000-0000-0000-0000-000000000001', 12, 342, 'FAIL', '{"anomaly_digits": [1,9], "chi_square": 18.4}'::jsonb, now() - interval '2 hours', now() - interval '2 hours' + interval '342ms'),
  ('e4000000-0000-0000-0000-000000000002', '11111111-1111-1111-1111-111111111111', 'e3000000-0000-0000-0000-000000000001', 8, 298, 'FAIL', '{"anomaly_digits": [9], "chi_square": 14.2}'::jsonb, now() - interval '6 hours', now() - interval '6 hours' + interval '298ms'),
  ('e4000000-0000-0000-0000-000000000003', '11111111-1111-1111-1111-111111111111', 'e3000000-0000-0000-0000-000000000002', 0, 187, 'PASS', '{"checked_users": 145}'::jsonb, now() - interval '55 minutes', now() - interval '55 minutes' + interval '187ms'),
  ('e4000000-0000-0000-0000-000000000004', '11111111-1111-1111-1111-111111111111', 'e3000000-0000-0000-0000-000000000002', 2, 201, 'FAIL', '{"flagged_users": ["USR-0042", "USR-0187"]}'::jsonb, now() - interval '2 hours', now() - interval '2 hours' + interval '201ms'),
  ('e4000000-0000-0000-0000-000000000005', '11111111-1111-1111-1111-111111111111', 'e3000000-0000-0000-0000-000000000003', 3, 1542, 'FAIL', '{"cycles_found": 3, "total_amount": 7500000}'::jsonb, now() - interval '1 day', now() - interval '1 day' + interval '1542ms'),
  ('e4000000-0000-0000-0000-000000000006', '11111111-1111-1111-1111-111111111111', 'e3000000-0000-0000-0000-000000000003', 1, 1380, 'FAIL', '{"cycles_found": 1, "total_amount": 2500000}'::jsonb, now() - interval '2 days', now() - interval '2 days' + interval '1380ms'),
  ('e4000000-0000-0000-0000-000000000007', '11111111-1111-1111-1111-111111111111', 'e3000000-0000-0000-0000-000000000004', 0, 95, 'PASS', '{"after_hours_count": 0}'::jsonb, now() - interval '18 hours', now() - interval '18 hours' + interval '95ms'),
  ('e4000000-0000-0000-0000-000000000008', '11111111-1111-1111-1111-111111111111', 'e3000000-0000-0000-0000-000000000004', 1, 102, 'FAIL', '{"after_hours_count": 1, "user": "USR-0042"}'::jsonb, now() - interval '42 hours', now() - interval '42 hours' + interval '102ms'),
  ('e4000000-0000-0000-0000-000000000009', '11111111-1111-1111-1111-111111111111', 'e3000000-0000-0000-0000-000000000005', 7, 445, 'FAIL', '{"over_threshold_count": 7, "total_flagged": 4200000}'::jsonb, now() - interval '1 hour', now() - interval '1 hour' + interval '445ms'),
  ('e4000000-0000-0000-0000-000000000010', '11111111-1111-1111-1111-111111111111', 'e3000000-0000-0000-0000-000000000005', 4, 410, 'FAIL', '{"over_threshold_count": 4, "total_flagged": 2800000}'::jsonb, now() - interval '3 hours', now() - interval '3 hours' + interval '410ms');
